{
  "s_final": 0.999,
  "err_real_mean": 0.48388151303632837,
  "err_dos_mean": 1.6869765535076355,
  "err_fdi_mean": 1.3066054996648933,
  "time_in_dt_ratio": 0.495,
  "tube_violations": 0,
  "dos_windows": 5,
  "fdi_windows": 4
}