{
  "s_final": 0.47901364336869146,
  "err_real_mean": 0.21468206425822137,
  "err_dos_mean": 0.8602561890152219,
  "err_fdi_mean": 0.4055569956747763,
  "time_in_dt_ratio": 0.33666666666666667,
  "tube_violations": 0,
  "dos_windows": 4,
  "fdi_windows": 2
}