{
  "s_final": 0.999,
  "err_real_mean": 0.749919864721339,
  "err_dos_mean": 1.6944381665099224,
  "err_fdi_mean": 1.038274052328066,
  "time_in_dt_ratio": 0.6391666666666667,
  "tube_violations": 0,
  "dos_windows": 5,
  "fdi_windows": 6
}