{
  "s_final": 0.999,
  "err_real_mean": 0.5904372980181545,
  "err_dos_mean": 1.672788553438112,
  "err_fdi_mean": 0.5631962512200371,
  "time_in_dt_ratio": 0.5166666666666667,
  "tube_violations": 0,
  "dos_windows": 5,
  "fdi_windows": 4
}