{
  "s_final": 0.7101264259823169,
  "err_real_mean": 0.09242241895450522,
  "err_dos_mean": 2.184640937323149,
  "err_fdi_mean": 1.0236959007097988,
  "time_in_dt_ratio": 0.5445833333333333,
  "tube_violations": 136,
  "dos_windows": 5,
  "fdi_windows": 4
}