{
  "s_final": 0.47176566013057364,
  "err_real_mean": 0.3535360022210242,
  "err_dos_mean": 1.989852840280848,
  "err_fdi_mean": 1.100498905994102,
  "time_in_dt_ratio": 0.49,
  "tube_violations": 0,
  "dos_windows": 4,
  "fdi_windows": 5
}