{
  "s_final": 0.999,
  "err_real_mean": 0.8215413577922396,
  "err_dos_mean": 1.6699471580144105,
  "err_fdi_mean": 0.5057695827523425,
  "time_in_dt_ratio": 0.5241666666666667,
  "tube_violations": 0,
  "dos_windows": 6,
  "fdi_windows": 3
}