{
  "s_final": 0.2740346692279673,
  "err_real_mean": 0.041768814333968604,
  "err_dos_mean": 2.7237070649400508,
  "err_fdi_mean": 1.5859205000431496,
  "time_in_dt_ratio": 0.5441666666666667,
  "tube_violations": 0,
  "dos_windows": 5,
  "fdi_windows": 5
}