{
  "s_final": 0.8053986231432773,
  "err_real_mean": 0.5516585435014595,
  "err_dos_mean": 1.800812534370048,
  "err_fdi_mean": 1.0942662827876881,
  "time_in_dt_ratio": 0.5229166666666667,
  "tube_violations": 807,
  "dos_windows": 7,
  "fdi_windows": 4
}