{
  "s_final": 0.6257956763231743,
  "err_real_mean": 0.05405465714845382,
  "err_dos_mean": 0.3949616166526266,
  "err_fdi_mean": 1.1843842585082875,
  "time_in_dt_ratio": 0.5525,
  "tube_violations": 0,
  "dos_windows": 5,
  "fdi_windows": 4
}