{
  "s_final": 0.999,
  "err_real_mean": 0.4811050679728381,
  "err_dos_mean": 3.8171095972195834,
  "err_fdi_mean": 3.2494795517271733,
  "time_in_dt_ratio": 0.5458333333333333,
  "tube_violations": 124,
  "dos_windows": 4,
  "fdi_windows": 6
}