{
  "s_final": 0.999,
  "err_real_mean": 0.22423750399797002,
  "err_dos_mean": 2.150816440318049,
  "err_fdi_mean": 0.30953238074583506,
  "time_in_dt_ratio": 0.44208333333333333,
  "tube_violations": 0,
  "dos_windows": 5,
  "fdi_windows": 3
}