{
  "s_final": 0.999,
  "err_real_mean": 0.653036128141335,
  "err_dos_mean": 2.383144759827333,
  "err_fdi_mean": 1.6752806178552506,
  "time_in_dt_ratio": 0.6116666666666667,
  "tube_violations": 0,
  "dos_windows": 6,
  "fdi_windows": 5
}