{
  "s_final": 0.47901364336869146,
  "err_real_mean": 0.48485603044832337,
  "err_dos_mean": 1.9669138636350256,
  "err_fdi_mean": 1.6755157074088016,
  "time_in_dt_ratio": 0.6295833333333334,
  "tube_violations": 0,
  "dos_windows": 5,
  "fdi_windows": 5
}