{
  "s_final": 0.588134172738497,
  "err_real_mean": 0.5590006762494001,
  "err_dos_mean": 0.8300701745825197,
  "err_fdi_mean": 0.8540082660408621,
  "time_in_dt_ratio": 0.4791666666666667,
  "tube_violations": 1084,
  "dos_windows": 5,
  "fdi_windows": 3
}