{
  "run_id": "circle_run018",
  "path_name": "circle",
  "rng_seed": 60,
  "total_time": 120.0,
  "dt": 0.05,
  "n_dos_windows": 7,
  "total_dos_time": 43.800000000000004,
  "mean_error_dt": 0.17383800067314326,
  "max_error_dt": 0.4327276842473735,
  "final_error_dt": 0.23529981129630245,
  "cumulative_error_dt": 20.85449008549478,
  "mean_error_ghost": 1.7897397718824035,
  "max_error_ghost": 2.644195380339088,
  "final_error_ghost": 2.644195380339088,
  "cumulative_error_ghost": 214.70248024137993,
  "improvement_percent": 90.28679591309375,
  "tube_violations": 0,
  "time_in_dt_mode": 43.800000000000004,
  "dt_mode_ratio": 0.365
}