{
  "s_final": 0.999,
  "err_real_mean": 0.6447775016001835,
  "err_dos_mean": 2.372260867512933,
  "err_fdi_mean": 1.6796286086456023,
  "time_in_dt_ratio": 0.6116666666666667,
  "tube_violations": 0,
  "dos_windows": 6,
  "fdi_windows": 5
}