{
  "s_final": 0.999,
  "err_real_mean": 0.2589316011637178,
  "err_dos_mean": 2.8531868533641123,
  "err_fdi_mean": 0.4779338069142561,
  "time_in_dt_ratio": 0.5995833333333334,
  "tube_violations": 0,
  "dos_windows": 5,
  "fdi_windows": 6
}