{
  "s_final": 0.47176566013057364,
  "err_real_mean": 0.8226821147474307,
  "err_dos_mean": 2.096658537918567,
  "err_fdi_mean": 1.6765961248623702,
  "time_in_dt_ratio": 0.5604166666666667,
  "tube_violations": 16,
  "dos_windows": 4,
  "fdi_windows": 6
}