{
  "s_final": 0.999,
  "err_real_mean": 0.2849905963759359,
  "err_dos_mean": 2.4959856190401912,
  "err_fdi_mean": 0.46634875967953243,
  "time_in_dt_ratio": 0.6320833333333333,
  "tube_violations": 0,
  "dos_windows": 6,
  "fdi_windows": 5
}