{
  "s_final": 0.999,
  "err_real_mean": 1.0313526435985483,
  "err_dos_mean": 1.4321757557464785,
  "err_fdi_mean": 1.1678796740120332,
  "time_in_dt_ratio": 0.63125,
  "tube_violations": 0,
  "dos_windows": 6,
  "fdi_windows": 6
}