{
  "s_final": 0.6083399654270464,
  "err_real_mean": 0.036807166563853584,
  "err_dos_mean": 1.1523308734820297,
  "err_fdi_mean": 2.551476031548605,
  "time_in_dt_ratio": 0.54375,
  "tube_violations": 29,
  "dos_windows": 5,
  "fdi_windows": 6
}