{
  "s_final": 0.6688149579790632,
  "err_real_mean": 0.03380445485717465,
  "err_dos_mean": 1.9849728855906006,
  "err_fdi_mean": 2.247121687030075,
  "time_in_dt_ratio": 0.6908333333333333,
  "tube_violations": 0,
  "dos_windows": 5,
  "fdi_windows": 7
}