{
  "s_final": 0.5623715850567501,
  "err_real_mean": 0.054532024866389174,
  "err_dos_mean": 2.1624288491060355,
  "err_fdi_mean": 2.729714788267929,
  "time_in_dt_ratio": 0.6166666666666667,
  "tube_violations": 1,
  "dos_windows": 5,
  "fdi_windows": 7
}