{
  "s_final": 0.47176566013057364,
  "err_real_mean": 0.23093469644375544,
  "err_dos_mean": 1.8212870302580928,
  "err_fdi_mean": 0.6540451877741437,
  "time_in_dt_ratio": 0.49541666666666667,
  "tube_violations": 0,
  "dos_windows": 3,
  "fdi_windows": 5
}