{
  "s_final": 0.999,
  "err_real_mean": 0.3040147340104629,
  "err_dos_mean": 3.813043859912565,
  "err_fdi_mean": 2.0211593084943758,
  "time_in_dt_ratio": 0.38416666666666666,
  "tube_violations": 113,
  "dos_windows": 2,
  "fdi_windows": 5
}