{
  "s_final": 0.6620962517280342,
  "err_real_mean": 0.05161307726873628,
  "err_dos_mean": 1.45033983584622,
  "err_fdi_mean": 0.6387731387631218,
  "time_in_dt_ratio": 0.6604166666666667,
  "tube_violations": 1,
  "dos_windows": 6,
  "fdi_windows": 5
}