{
  "s_final": 0.588134172738497,
  "err_real_mean": 0.6582838225427252,
  "err_dos_mean": 2.64840298343007,
  "err_fdi_mean": 1.632318916190174,
  "time_in_dt_ratio": 0.5154166666666666,
  "tube_violations": 928,
  "dos_windows": 6,
  "fdi_windows": 4
}