{
  "s_final": 0.588134172738497,
  "err_real_mean": 0.481956899004382,
  "err_dos_mean": 1.5171043526086847,
  "err_fdi_mean": 2.6681286610341917,
  "time_in_dt_ratio": 0.675,
  "tube_violations": 987,
  "dos_windows": 6,
  "fdi_windows": 6
}