{
  "s_final": 0.47901364336869146,
  "err_real_mean": 0.21488434026545786,
  "err_dos_mean": 0.9983145854271084,
  "err_fdi_mean": 0.5839854546241352,
  "time_in_dt_ratio": 0.3070833333333333,
  "tube_violations": 0,
  "dos_windows": 2,
  "fdi_windows": 3
}