{
  "s_final": 0.999,
  "err_real_mean": 0.3835074385708838,
  "err_dos_mean": 1.9985257587644443,
  "err_fdi_mean": 0.7954368657312983,
  "time_in_dt_ratio": 0.45958333333333334,
  "tube_violations": 0,
  "dos_windows": 5,
  "fdi_windows": 4
}