{
  "s_final": 0.7025804291573441,
  "err_real_mean": 0.05646723802257121,
  "err_dos_mean": 2.087879893663786,
  "err_fdi_mean": 1.3534367429953422,
  "time_in_dt_ratio": 0.6391666666666667,
  "tube_violations": 0,
  "dos_windows": 6,
  "fdi_windows": 6
}