{
  "s_final": 0.6601318720717422,
  "err_real_mean": 0.044245525492385245,
  "err_dos_mean": 2.203187859649466,
  "err_fdi_mean": 1.0052485188555786,
  "time_in_dt_ratio": 0.5166666666666667,
  "tube_violations": 11,
  "dos_windows": 5,
  "fdi_windows": 4
}