{
  "s_final": 0.5070564929104541,
  "err_real_mean": 0.0933912607753919,
  "err_dos_mean": 1.1688993451194543,
  "err_fdi_mean": 1.7132224596611294,
  "time_in_dt_ratio": 0.5408333333333334,
  "tube_violations": 27,
  "dos_windows": 4,
  "fdi_windows": 6
}