{
  "run_id": "figure8_run019",
  "path_name": "figure8",
  "rng_seed": 61,
  "total_time": 120.0,
  "dt": 0.05,
  "n_dos_windows": 7,
  "total_dos_time": 52.2,
  "mean_error_dt": 0.3731005238136023,
  "max_error_dt": 1.676328763967291,
  "final_error_dt": 0.8871435134306981,
  "cumulative_error_dt": 44.749696769796515,
  "mean_error_ghost": 1.9026918482886692,
  "max_error_ghost": 3.3569137104823676,
  "final_error_ghost": 3.3569137104823676,
  "cumulative_error_ghost": 228.2389114518782,
  "improvement_percent": 80.393484842206,
  "tube_violations": 0,
  "time_in_dt_mode": 52.2,
  "dt_mode_ratio": 0.435
}