{
  "s_final": 0.588134172738497,
  "err_real_mean": 0.6328057963945567,
  "err_dos_mean": 2.337482874972467,
  "err_fdi_mean": 2.2806830946507435,
  "time_in_dt_ratio": 0.6383333333333333,
  "tube_violations": 1141,
  "dos_windows": 5,
  "fdi_windows": 5
}