{
  "run_id": "sharpl_run020",
  "path_name": "sharpl",
  "rng_seed": 62,
  "total_time": 120.0,
  "dt": 0.05,
  "n_dos_windows": 7,
  "total_dos_time": 51.550000000000004,
  "mean_error_dt": 0.4085797522379679,
  "max_error_dt": 1.5003351486867842,
  "final_error_dt": 1.0613526293915045,
  "cumulative_error_dt": 49.00284895282135,
  "mean_error_ghost": 2.4122021957409214,
  "max_error_ghost": 4.5669448292753785,
  "final_error_ghost": 4.5669448292753785,
  "cumulative_error_ghost": 289.34990236817873,
  "improvement_percent": 83.06450130041225,
  "tube_violations": 0,
  "time_in_dt_mode": 51.550000000000004,
  "dt_mode_ratio": 0.4295833333333333
}