{
  "s_final": 0.999,
  "err_real_mean": 0.2319787588009152,
  "err_dos_mean": 3.096885285752638,
  "err_fdi_mean": 0.499465597524501,
  "time_in_dt_ratio": 0.5441666666666667,
  "tube_violations": 0,
  "dos_windows": 6,
  "fdi_windows": 5
}