{
  "s_final": 0.5962872687750637,
  "err_real_mean": 0.04771718717044692,
  "err_dos_mean": 1.177431997569896,
  "err_fdi_mean": 2.020006037534337,
  "time_in_dt_ratio": 0.5029166666666667,
  "tube_violations": 22,
  "dos_windows": 4,
  "fdi_windows": 5
}