{
  "s_final": 0.47901364336869146,
  "err_real_mean": 0.3104783877126324,
  "err_dos_mean": 1.8920467476384484,
  "err_fdi_mean": 0.5806958831447486,
  "time_in_dt_ratio": 0.6041666666666666,
  "tube_violations": 0,
  "dos_windows": 6,
  "fdi_windows": 5
}