{
  "s_final": 0.5759654166616949,
  "err_real_mean": 0.05003801057390238,
  "err_dos_mean": 1.630249353265554,
  "err_fdi_mean": 0.5074947732104848,
  "time_in_dt_ratio": 0.4925,
  "tube_violations": 2,
  "dos_windows": 5,
  "fdi_windows": 3
}