{
  "s_final": 0.5769327946767658,
  "err_real_mean": 0.03387594126838623,
  "err_dos_mean": 1.263263264989513,
  "err_fdi_mean": 0.3386864526724535,
  "time_in_dt_ratio": 0.5241666666666667,
  "tube_violations": 0,
  "dos_windows": 5,
  "fdi_windows": 3
}