{
  "s_final": 0.7033456536120811,
  "err_real_mean": 0.05932912416877747,
  "err_dos_mean": 1.960033665909216,
  "err_fdi_mean": 1.107294409927745,
  "time_in_dt_ratio": 0.5558333333333333,
  "tube_violations": 33,
  "dos_windows": 6,
  "fdi_windows": 4
}