{
  "run_id": "sharpl_run022",
  "path_name": "sharpl",
  "rng_seed": 64,
  "total_time": 120.0,
  "dt": 0.05,
  "n_dos_windows": 7,
  "total_dos_time": 50.650000000000006,
  "mean_error_dt": 0.33351131177341004,
  "max_error_dt": 1.163301286091843,
  "final_error_dt": 0.2611513635248757,
  "cumulative_error_dt": 40.01464112872109,
  "mean_error_ghost": 2.1192125734558633,
  "max_error_ghost": 4.459644736250137,
  "final_error_ghost": 4.459644736250137,
  "cumulative_error_ghost": 254.19383019629737,
  "improvement_percent": 84.2582170079343,
  "tube_violations": 0,
  "time_in_dt_mode": 50.650000000000006,
  "dt_mode_ratio": 0.4220833333333333
}