{
  "s_final": 0.2740346692279673,
  "err_real_mean": 0.05303228797311229,
  "err_dos_mean": 1.997127280466963,
  "err_fdi_mean": 0.6646301707358971,
  "time_in_dt_ratio": 0.6116666666666667,
  "tube_violations": 0,
  "dos_windows": 6,
  "fdi_windows": 5
}