{
  "duration_s": 30.66793942451477,
  "final_progress_s": 0.2663567123638468,
  "time_fraction_dt": 0.5967213114754099,
  "e_norm_rms_m": 0.044660467243103796,
  "e_norm_p95_m": 0.08122224624210786,
  "e_norm_max_m": 0.08496810384412205,
  "d_perp_rms_m": 0.04135151546822422,
  "d_perp_p95_m": 0.07913133149210347,
  "e_theta_rms_rad": 0.04963558152129562,
  "e_theta_p95_rad": 0.11423082442344291,
  "tube_violation_rate": 0.0,
  "tube_violation_time_s": 0.0,
  "progress_rate_dt_mean": 0.008450163465000252,
  "progress_rate_main_mean": 0.009032470899580348,
  "progress_rate_ratio_dt_over_main": 0.9355317674361784,
  "v_dt_minus_main_rms": 0.048423780450566695,
  "w_dt_minus_main_rms": 0.08728667301906759,
  "smooth_v_mean_abs_dvdt": 0.06310642308044462,
  "smooth_w_mean_abs_dwdt": 0.21297428884908567
}