{
  "s_final": 0.588134172738497,
  "err_real_mean": 0.5276361581226336,
  "err_dos_mean": 1.016183305456216,
  "err_fdi_mean": 2.296972883833662,
  "time_in_dt_ratio": 0.4425,
  "tube_violations": 952,
  "dos_windows": 2,
  "fdi_windows": 5
}