{
  "run_id": "scurve_run014",
  "path_name": "scurve",
  "rng_seed": 56,
  "total_time": 120.0,
  "dt": 0.05,
  "n_dos_windows": 8,
  "total_dos_time": 50.95,
  "mean_error_dt": 0.3580938280544256,
  "max_error_dt": 1.181651784428207,
  "final_error_dt": 0.8982880953285519,
  "cumulative_error_dt": 42.94862669028543,
  "mean_error_ghost": 1.1173901224107234,
  "max_error_ghost": 3.4328690989977266,
  "final_error_ghost": 3.4328690989977266,
  "cumulative_error_ghost": 134.0008174879494,
  "improvement_percent": 67.94898158427446,
  "tube_violations": 16,
  "time_in_dt_mode": 50.95,
  "dt_mode_ratio": 0.4245833333333333
}