{
  "s_final": 0.588134172738497,
  "err_real_mean": 0.6248301291886603,
  "err_dos_mean": 2.323656276360516,
  "err_fdi_mean": 2.8076750598950846,
  "time_in_dt_ratio": 0.66875,
  "tube_violations": 1056,
  "dos_windows": 6,
  "fdi_windows": 7
}