{
  "s_final": 0.588134172738497,
  "err_real_mean": 0.7547055323985283,
  "err_dos_mean": 1.4785154582927535,
  "err_fdi_mean": 0.9253247199175174,
  "time_in_dt_ratio": 0.43,
  "tube_violations": 1232,
  "dos_windows": 5,
  "fdi_windows": 2
}