{
  "s_final": 0.588134172738497,
  "err_real_mean": 0.6159593298124931,
  "err_dos_mean": 1.9191156898811679,
  "err_fdi_mean": 2.0791428522615614,
  "time_in_dt_ratio": 0.50875,
  "tube_violations": 1210,
  "dos_windows": 6,
  "fdi_windows": 5
}