{
  "s_final": 0.588134172738497,
  "err_real_mean": 0.5910973509154839,
  "err_dos_mean": 1.7562759487007724,
  "err_fdi_mean": 1.171215504886225,
  "time_in_dt_ratio": 0.3720833333333333,
  "tube_violations": 1205,
  "dos_windows": 4,
  "fdi_windows": 2
}