{
  "run_id": "sharpl_run002",
  "path_name": "sharpl",
  "rng_seed": 44,
  "total_time": 120.0,
  "dt": 0.05,
  "n_dos_windows": 8,
  "total_dos_time": 46.1,
  "mean_error_dt": 0.3371199703440062,
  "max_error_dt": 1.3815964659245843,
  "final_error_dt": 0.3169415285500267,
  "cumulative_error_dt": 40.44628540306699,
  "mean_error_ghost": 2.2392795313785467,
  "max_error_ghost": 4.5887290423032505,
  "final_error_ghost": 4.5887290423032505,
  "cumulative_error_ghost": 268.59863803936804,
  "improvement_percent": 84.94173846215153,
  "tube_violations": 0,
  "time_in_dt_mode": 46.1,
  "dt_mode_ratio": 0.38416666666666666
}