{
  "s_final": 0.7091797148948944,
  "err_real_mean": 0.06623220590279623,
  "err_dos_mean": 3.269201191829342,
  "err_fdi_mean": 2.260700366628589,
  "time_in_dt_ratio": 0.605,
  "tube_violations": 18,
  "dos_windows": 7,
  "fdi_windows": 6
}