{
  "s_final": 0.3725908459446555,
  "err_real_mean": 1.1338038890391973,
  "err_dos_mean": 2.9652798505915285,
  "err_fdi_mean": 3.002181607375647,
  "time_in_dt_ratio": 0.6316666666666667,
  "tube_violations": 1722,
  "dos_windows": 5,
  "fdi_windows": 6
}