{
  "s_final": 0.589867063031704,
  "err_real_mean": 0.04461223192817651,
  "err_dos_mean": 1.6470686094235707,
  "err_fdi_mean": 0.8823898924457345,
  "time_in_dt_ratio": 0.6104166666666667,
  "tube_violations": 0,
  "dos_windows": 6,
  "fdi_windows": 5
}