{
  "s_final": 0.999,
  "err_real_mean": 0.6242602490653087,
  "err_dos_mean": 0.8747863763476814,
  "err_fdi_mean": 0.8343081556628218,
  "time_in_dt_ratio": 0.5591666666666667,
  "tube_violations": 0,
  "dos_windows": 5,
  "fdi_windows": 5
}