{
  "s_final": 0.588134172738497,
  "err_real_mean": 0.6908892127303837,
  "err_dos_mean": 1.1162762074815933,
  "err_fdi_mean": 2.2243301787982914,
  "time_in_dt_ratio": 0.5679166666666666,
  "tube_violations": 1139,
  "dos_windows": 5,
  "fdi_windows": 6
}