{
  "s_final": 0.999,
  "err_real_mean": 0.3078327130039222,
  "err_dos_mean": 3.2232416477101045,
  "err_fdi_mean": 2.023032491074642,
  "time_in_dt_ratio": 0.32166666666666666,
  "tube_violations": 13,
  "dos_windows": 1,
  "fdi_windows": 4
}