{
  "s_final": 0.47901364336869146,
  "err_real_mean": 0.31399561731304554,
  "err_dos_mean": 1.5795932253002956,
  "err_fdi_mean": 0.5832017026067844,
  "time_in_dt_ratio": 0.4891666666666667,
  "tube_violations": 0,
  "dos_windows": 5,
  "fdi_windows": 3
}