{
  "s_final": 0.7734288060866337,
  "err_real_mean": 0.05320839325796406,
  "err_dos_mean": 1.8303729555447823,
  "err_fdi_mean": 1.0692946760771296,
  "time_in_dt_ratio": 0.4891666666666667,
  "tube_violations": 1,
  "dos_windows": 5,
  "fdi_windows": 3
}