{
  "s_final": 0.2740346692279673,
  "err_real_mean": 0.06242139024342618,
  "err_dos_mean": 1.847030528120553,
  "err_fdi_mean": 1.7361171727033426,
  "time_in_dt_ratio": 0.49333333333333335,
  "tube_violations": 0,
  "dos_windows": 5,
  "fdi_windows": 4
}