{
  "s_final": 0.47901364336869146,
  "err_real_mean": 0.2628284893175585,
  "err_dos_mean": 0.9606984960078322,
  "err_fdi_mean": 1.354007661501902,
  "time_in_dt_ratio": 0.44416666666666665,
  "tube_violations": 0,
  "dos_windows": 4,
  "fdi_windows": 4
}