{
  "s_final": 0.999,
  "err_real_mean": 0.81778449310599,
  "err_dos_mean": 2.9909279059490914,
  "err_fdi_mean": 2.303349367034028,
  "time_in_dt_ratio": 0.675,
  "tube_violations": 131,
  "dos_windows": 6,
  "fdi_windows": 6
}