{
  "s_final": 0.6902156995882055,
  "err_real_mean": 0.030361096022457287,
  "err_dos_mean": 3.0371016710618424,
  "err_fdi_mean": 1.296589980420079,
  "time_in_dt_ratio": 0.5791666666666667,
  "tube_violations": 0,
  "dos_windows": 6,
  "fdi_windows": 5
}