{
  "s_final": 0.999,
  "err_real_mean": 0.6939200419755168,
  "err_dos_mean": 2.844868381277953,
  "err_fdi_mean": 2.3785462787042446,
  "time_in_dt_ratio": 0.605,
  "tube_violations": 150,
  "dos_windows": 7,
  "fdi_windows": 6
}