{
  "s_final": 0.999,
  "err_real_mean": 0.668577440903656,
  "err_dos_mean": 1.6041182822242464,
  "err_fdi_mean": 1.0774392215615956,
  "time_in_dt_ratio": 0.7145833333333333,
  "tube_violations": 0,
  "dos_windows": 7,
  "fdi_windows": 6
}