{
  "s_final": 0.999,
  "err_real_mean": 0.43362707456871663,
  "err_dos_mean": 2.0762184159985932,
  "err_fdi_mean": 0.796703233004655,
  "time_in_dt_ratio": 0.45958333333333334,
  "tube_violations": 0,
  "dos_windows": 5,
  "fdi_windows": 4
}