{
  "s_final": 0.7525061747809689,
  "err_real_mean": 0.07327631640668311,
  "err_dos_mean": 1.0080192120920992,
  "err_fdi_mean": 1.1040277638289375,
  "time_in_dt_ratio": 0.5604166666666667,
  "tube_violations": 87,
  "dos_windows": 4,
  "fdi_windows": 6
}