{
  "s_final": 0.588134172738497,
  "err_real_mean": 0.5779369283517313,
  "err_dos_mean": 1.7533154893107712,
  "err_fdi_mean": 2.236558446009867,
  "time_in_dt_ratio": 0.47458333333333336,
  "tube_violations": 915,
  "dos_windows": 3,
  "fdi_windows": 5
}