{
  "s_final": 0.6454676700610655,
  "err_real_mean": 0.7675246840149379,
  "err_dos_mean": 1.1231426718306563,
  "err_fdi_mean": 2.465595255462087,
  "time_in_dt_ratio": 0.53875,
  "tube_violations": 1342,
  "dos_windows": 4,
  "fdi_windows": 6
}