{
  "s_final": 0.3725908459446555,
  "err_real_mean": 1.1419916889298702,
  "err_dos_mean": 3.038919460819142,
  "err_fdi_mean": 2.2253192280809753,
  "time_in_dt_ratio": 0.6154166666666666,
  "tube_violations": 1878,
  "dos_windows": 6,
  "fdi_windows": 6
}