{
  "s_final": 0.999,
  "err_real_mean": 0.4471557447288803,
  "err_dos_mean": 3.0886605890181626,
  "err_fdi_mean": 1.293077902588473,
  "time_in_dt_ratio": 0.43,
  "tube_violations": 114,
  "dos_windows": 5,
  "fdi_windows": 2
}