{
  "s_final": 0.6270900079420647,
  "err_real_mean": 0.061560889712170615,
  "err_dos_mean": 2.429927785721122,
  "err_fdi_mean": 3.0078978634095224,
  "time_in_dt_ratio": 0.60875,
  "tube_violations": 16,
  "dos_windows": 6,
  "fdi_windows": 7
}