{
  "s_final": 0.999,
  "err_real_mean": 0.2527102677605559,
  "err_dos_mean": 2.00342856835306,
  "err_fdi_mean": 0.5033104195961299,
  "time_in_dt_ratio": 0.5233333333333333,
  "tube_violations": 0,
  "dos_windows": 3,
  "fdi_windows": 5
}