{
  "s_final": 0.47901364336869146,
  "err_real_mean": 0.6296918574666445,
  "err_dos_mean": 2.3720357631844924,
  "err_fdi_mean": 0.6757647330201356,
  "time_in_dt_ratio": 0.47708333333333336,
  "tube_violations": 0,
  "dos_windows": 5,
  "fdi_windows": 4
}