{
  "s_final": 0.2740346692279673,
  "err_real_mean": 0.04553932975846017,
  "err_dos_mean": 1.1736575750787874,
  "err_fdi_mean": 2.1332308981865995,
  "time_in_dt_ratio": 0.5229166666666667,
  "tube_violations": 0,
  "dos_windows": 4,
  "fdi_windows": 5
}