{
  "s_final": 0.999,
  "err_real_mean": 0.31560500440979466,
  "err_dos_mean": 3.4425561488164234,
  "err_fdi_mean": 2.2537110583856066,
  "time_in_dt_ratio": 0.49541666666666667,
  "tube_violations": 130,
  "dos_windows": 3,
  "fdi_windows": 5
}