{
  "s_final": 0.5934842100089204,
  "err_real_mean": 0.0275768856384229,
  "err_dos_mean": 2.683193661555798,
  "err_fdi_mean": 2.577567126286109,
  "time_in_dt_ratio": 0.49291666666666667,
  "tube_violations": 0,
  "dos_windows": 5,
  "fdi_windows": 3
}