{
  "s_final": 0.5253352641261418,
  "err_real_mean": 0.053338566320837444,
  "err_dos_mean": 0.5008935878858155,
  "err_fdi_mean": 0.763689474366541,
  "time_in_dt_ratio": 0.5266666666666666,
  "tube_violations": 7,
  "dos_windows": 4,
  "fdi_windows": 5
}