{
  "s_final": 0.999,
  "err_real_mean": 0.2820938705915054,
  "err_dos_mean": 2.599372217018959,
  "err_fdi_mean": 0.4634540266043022,
  "time_in_dt_ratio": 0.63625,
  "tube_violations": 0,
  "dos_windows": 6,
  "fdi_windows": 6
}