{
  "s_final": 0.7961584955165849,
  "err_real_mean": 0.05150867644384179,
  "err_dos_mean": 1.6066163014503874,
  "err_fdi_mean": 1.4177038524431482,
  "time_in_dt_ratio": 0.5129166666666667,
  "tube_violations": 8,
  "dos_windows": 4,
  "fdi_windows": 5
}