{
  "duration_s": 54.8678822517395,
  "final_progress_s": 0.27225052211228157,
  "time_fraction_dt": 0.4377880184331797,
  "e_norm_rms_m": 0.05670472132470713,
  "e_norm_p95_m": 0.08529934739335195,
  "e_norm_max_m": 0.09177974267621483,
  "d_perp_rms_m": 0.05475236242265405,
  "d_perp_p95_m": 0.08331879480833712,
  "e_theta_rms_rad": 0.047440762107946295,
  "e_theta_p95_rad": 0.10062442500371639,
  "tube_violation_rate": 0.0,
  "tube_violation_time_s": 0.0,
  "progress_rate_dt_mean": 0.0028629404915031563,
  "progress_rate_main_mean": 0.00659971955453361,
  "progress_rate_ratio_dt_over_main": 0.4337972951496838,
  "v_dt_minus_main_rms": 0.11085411366613103,
  "w_dt_minus_main_rms": 0.04767455060546905,
  "smooth_v_mean_abs_dvdt": 0.04750885363104656,
  "smooth_w_mean_abs_dwdt": 0.11290182748190804
}