{
  "s_final": 0.47176566013057364,
  "err_real_mean": 0.2490930801692186,
  "err_dos_mean": 0.7581442495804736,
  "err_fdi_mean": 0.6091907526067062,
  "time_in_dt_ratio": 0.51125,
  "tube_violations": 0,
  "dos_windows": 5,
  "fdi_windows": 4
}