{
  "s_final": 0.25081195289340136,
  "err_real_mean": 0.041139981364758556,
  "err_dos_mean": 1.540253129888559,
  "err_fdi_mean": 1.9156376961770563,
  "time_in_dt_ratio": 0.6070833333333333,
  "tube_violations": 0,
  "dos_windows": 6,
  "fdi_windows": 5
}