{
  "s_final": 0.999,
  "err_real_mean": 0.4989425959728706,
  "err_dos_mean": 1.8962668496338373,
  "err_fdi_mean": 0.8919259445068911,
  "time_in_dt_ratio": 0.4558333333333333,
  "tube_violations": 0,
  "dos_windows": 4,
  "fdi_windows": 5
}