{
  "s_final": 0.999,
  "err_real_mean": 0.27642823250613857,
  "err_dos_mean": 2.0633366905620307,
  "err_fdi_mean": 0.3819990079441587,
  "time_in_dt_ratio": 0.5241666666666667,
  "tube_violations": 0,
  "dos_windows": 6,
  "fdi_windows": 3
}