{
  "circle": {
    "err_dt": [
      43.758100802311475,
      42.306280779726336,
      45.29444320558403,
      42.06764746615346,
      43.704610381820544,
      44.09837549890158,
      43.4537472857493,
      43.11026737961352,
      43.84844997295674,
      43.524827328894325
    ],
    "err_ghost": [
      510.6853989748874,
      475.01201739787484,
      495.78471529038666,
      467.08845239675395,
      477.21864451828344,
      518.2165186032056,
      528.4963634784501,
      478.02125822110213,
      510.4453662503222,
      475.8003692813631
    ]
  },
  "figure8": {
    "err_dt": [
      95.64295343063804,
      96.6565817845547,
      93.69363027069335,
      104.49496256402831,
      100.36673023401505,
      119.12323993448884,
      96.99664968954784,
      111.12810744622357,
      87.27226599815182,
      99.68941459587128
    ],
    "err_ghost": [
      531.2784288662677,
      558.0945229329591,
      699.7961396165451,
      579.678992961763,
      683.3857832730364,
      738.0081193405094,
      726.1444026920798,
      542.7442367042037,
      485.5554724721391,
      597.2702024963334
    ]
  },
  "scurve": {
    "err_dt": [
      107.39397041761431,
      109.33132199451039,
      96.62772673510354,
      94.3348708639717,
      92.8385556080429,
      103.97236553032981,
      98.51417701758294,
      101.8064080546899,
      100.61866342101371,
      95.89787692976152
    ],
    "err_ghost": [
      182.7762139924297,
      295.9420862939643,
      351.11867111671324,
      296.77142669859114,
      352.0480344648882,
      332.48383433396043,
      331.183320884277,
      346.74714246077747,
      413.6646220447399,
      280.80973333529766
    ]
  },
  "sharpl": {
    "err_dt": [
      99.12662477854388,
      90.55942846657967,
      121.23484566499474,
      118.32411772131191,
      118.96272089971774,
      130.34327387885511,
      110.4208139524073,
      116.20099606459218,
      113.93121677467508,
      90.37568427829036
    ],
    "err_ghost": [
      800.3909978585475,
      736.2377509496564,
      838.2082202208336,
      930.3238748918102,
      896.4753592753473,
      988.1733256756111,
      833.833888681261,
      947.6502089166869,
      887.1146897705174,
      747.7128061151898
    ]
  }
}