{
  "s_final": 0.5858590917032858,
  "err_real_mean": 0.03433315026817406,
  "err_dos_mean": 2.0438705494136546,
  "err_fdi_mean": 1.836596039800458,
  "time_in_dt_ratio": 0.4195833333333333,
  "tube_violations": 0,
  "dos_windows": 5,
  "fdi_windows": 4
}