{
  "run_id": "scurve_run027",
  "path_name": "scurve",
  "rng_seed": 69,
  "total_time": 120.0,
  "dt": 0.05,
  "n_dos_windows": 8,
  "total_dos_time": 55.45,
  "mean_error_dt": 0.43515045794910584,
  "max_error_dt": 1.3872861262616163,
  "final_error_dt": 0.5158618629947651,
  "cumulative_error_dt": 52.204982933455405,
  "mean_error_ghost": 1.4064470201835988,
  "max_error_ghost": 4.007682893324263,
  "final_error_ghost": 4.007682893324263,
  "cumulative_error_ghost": 168.67327487583634,
  "improvement_percent": 69.04964169819759,
  "tube_violations": 185,
  "time_in_dt_mode": 55.45,
  "dt_mode_ratio": 0.46208333333333335
}