{
  "s_final": 0.7502581279206575,
  "err_real_mean": 0.03898126682689733,
  "err_dos_mean": 1.7750760257748062,
  "err_fdi_mean": 2.943245507948112,
  "time_in_dt_ratio": 0.5958333333333333,
  "tube_violations": 28,
  "dos_windows": 4,
  "fdi_windows": 7
}