{
  "s_final": 0.999,
  "err_real_mean": 0.4199655576613394,
  "err_dos_mean": 2.700178893866009,
  "err_fdi_mean": 0.6884771973630217,
  "time_in_dt_ratio": 0.45416666666666666,
  "tube_violations": 35,
  "dos_windows": 4,
  "fdi_windows": 3
}