{
  "s_final": 0.6867060945507752,
  "err_real_mean": 0.026358520948152737,
  "err_dos_mean": 1.8048285044670502,
  "err_fdi_mean": 1.9338226102190583,
  "time_in_dt_ratio": 0.6058333333333333,
  "tube_violations": 0,
  "dos_windows": 6,
  "fdi_windows": 5
}