{
  "s_final": 0.8444160523580065,
  "err_real_mean": 0.039382403260875096,
  "err_dos_mean": 1.0617829349077033,
  "err_fdi_mean": 0.8180469982192974,
  "time_in_dt_ratio": 0.5316666666666666,
  "tube_violations": 25,
  "dos_windows": 5,
  "fdi_windows": 5
}