{
  "s_final": 0.6464487077264762,
  "err_real_mean": 0.03374215237547978,
  "err_dos_mean": 2.169494253134637,
  "err_fdi_mean": 1.824083616082652,
  "time_in_dt_ratio": 0.47708333333333336,
  "tube_violations": 0,
  "dos_windows": 5,
  "fdi_windows": 4
}