{
  "s_final": 0.8297497181186173,
  "err_real_mean": 0.4864341950812052,
  "err_dos_mean": 1.2912351874921255,
  "err_fdi_mean": 1.1883347338458832,
  "time_in_dt_ratio": 0.5195833333333333,
  "tube_violations": 673,
  "dos_windows": 3,
  "fdi_windows": 6
}