{
  "s_final": 0.47901364336869146,
  "err_real_mean": 0.24518595256877537,
  "err_dos_mean": 0.9340644820567201,
  "err_fdi_mean": 1.340825223405606,
  "time_in_dt_ratio": 0.3620833333333333,
  "tube_violations": 0,
  "dos_windows": 3,
  "fdi_windows": 3
}