{
  "run_id": "figure8_run018",
  "path_name": "figure8",
  "rng_seed": 60,
  "total_time": 120.0,
  "dt": 0.05,
  "n_dos_windows": 8,
  "total_dos_time": 52.900000000000006,
  "mean_error_dt": 0.4339447302236341,
  "max_error_dt": 1.9884224177147114,
  "final_error_dt": 1.7334367927858159,
  "cumulative_error_dt": 52.029844207016446,
  "mean_error_ghost": 2.2426644326439646,
  "max_error_ghost": 4.343978414639999,
  "final_error_ghost": 4.343978414639999,
  "cumulative_error_ghost": 269.0109449569097,
  "improvement_percent": 80.65883742561084,
  "tube_violations": 0,
  "time_in_dt_mode": 52.900000000000006,
  "dt_mode_ratio": 0.44083333333333335
}