{
  "s_final": 0.27403466922790587,
  "err_real_mean": 0.0438878295950198,
  "err_dos_mean": 1.8989547430559814,
  "err_fdi_mean": 1.9200521258037475,
  "time_in_dt_ratio": 0.5441666666666667,
  "tube_violations": 0,
  "dos_windows": 6,
  "fdi_windows": 5
}