{
  "s_final": 0.588134172738497,
  "err_real_mean": 0.6559010902710655,
  "err_dos_mean": 2.2269813878650155,
  "err_fdi_mean": 1.9137641843135857,
  "time_in_dt_ratio": 0.57375,
  "tube_violations": 1143,
  "dos_windows": 6,
  "fdi_windows": 4
}