{
  "s_final": 0.999,
  "err_real_mean": 0.22797371851570025,
  "err_dos_mean": 2.0206582782769655,
  "err_fdi_mean": 0.40858819907408017,
  "time_in_dt_ratio": 0.42541666666666667,
  "tube_violations": 0,
  "dos_windows": 4,
  "fdi_windows": 5
}