{
  "s_final": 0.5563607075859376,
  "err_real_mean": 0.053016258682274546,
  "err_dos_mean": 0.971747870409767,
  "err_fdi_mean": 1.6168240083968162,
  "time_in_dt_ratio": 0.5166666666666667,
  "tube_violations": 41,
  "dos_windows": 4,
  "fdi_windows": 6
}