{
  "s_final": 0.6047330782863393,
  "err_real_mean": 0.05963361171996132,
  "err_dos_mean": 2.7088519290649984,
  "err_fdi_mean": 2.128555604426902,
  "time_in_dt_ratio": 0.5454166666666667,
  "tube_violations": 26,
  "dos_windows": 4,
  "fdi_windows": 6
}