{
  "s_final": 0.588134172738497,
  "err_real_mean": 0.8037928165942899,
  "err_dos_mean": 3.708006411777052,
  "err_fdi_mean": 2.0100630387823926,
  "time_in_dt_ratio": 0.6425,
  "tube_violations": 1092,
  "dos_windows": 5,
  "fdi_windows": 5
}