{
  "run_id": "figure8_run002",
  "path_name": "figure8",
  "rng_seed": 44,
  "total_time": 120.0,
  "dt": 0.05,
  "n_dos_windows": 8,
  "total_dos_time": 56.95,
  "mean_error_dt": 0.3979591635146285,
  "max_error_dt": 1.5043282151057285,
  "final_error_dt": 1.0318712543979545,
  "cumulative_error_dt": 47.72911534039547,
  "mean_error_ghost": 2.2558683650850417,
  "max_error_ghost": 3.495180383868516,
  "final_error_ghost": 3.4236644682615127,
  "cumulative_error_ghost": 270.6184246984985,
  "improvement_percent": 82.36294687120011,
  "tube_violations": 0,
  "time_in_dt_mode": 56.95,
  "dt_mode_ratio": 0.47458333333333336
}