{
  "s_final": 0.7563376959614139,
  "err_real_mean": 0.06612807666563666,
  "err_dos_mean": 1.132814814350984,
  "err_fdi_mean": 0.5066389916916421,
  "time_in_dt_ratio": 0.5379166666666667,
  "tube_violations": 48,
  "dos_windows": 5,
  "fdi_windows": 4
}