{
  "s_final": 0.999,
  "err_real_mean": 0.7245275886257292,
  "err_dos_mean": 1.7902378966371744,
  "err_fdi_mean": 1.5590758020977182,
  "time_in_dt_ratio": 0.605,
  "tube_violations": 0,
  "dos_windows": 5,
  "fdi_windows": 6
}