{
  "s_final": 0.47901364336869146,
  "err_real_mean": 0.21462383180332917,
  "err_dos_mean": 0.24489690551276644,
  "err_fdi_mean": 0.7205203518838391,
  "time_in_dt_ratio": 0.42541666666666667,
  "tube_violations": 0,
  "dos_windows": 4,
  "fdi_windows": 5
}