{
  "s_final": 0.8571394898070247,
  "err_real_mean": 0.0640033249109509,
  "err_dos_mean": 2.520286333706253,
  "err_fdi_mean": 2.408446376865543,
  "time_in_dt_ratio": 0.5916666666666667,
  "tube_violations": 17,
  "dos_windows": 6,
  "fdi_windows": 4
}