{
  "s_final": 0.2740346692279673,
  "err_real_mean": 0.07806302256271377,
  "err_dos_mean": 3.7860548821154922,
  "err_fdi_mean": 2.238834168681801,
  "time_in_dt_ratio": 0.59625,
  "tube_violations": 22,
  "dos_windows": 4,
  "fdi_windows": 6
}