{
  "s_final": 0.999,
  "err_real_mean": 0.9503283747782505,
  "err_dos_mean": 1.079615031917065,
  "err_fdi_mean": 0.8972367044786808,
  "time_in_dt_ratio": 0.6320833333333333,
  "tube_violations": 0,
  "dos_windows": 6,
  "fdi_windows": 5
}