{
  "s_final": 0.999,
  "err_real_mean": 0.39591819075356216,
  "err_dos_mean": 1.0014639797440124,
  "err_fdi_mean": 0.43403482120034764,
  "time_in_dt_ratio": 0.4075,
  "tube_violations": 0,
  "dos_windows": 3,
  "fdi_windows": 5
}