{
  "run_id": "figure8_run010",
  "path_name": "figure8",
  "rng_seed": 52,
  "total_time": 120.0,
  "dt": 0.05,
  "n_dos_windows": 7,
  "total_dos_time": 51.400000000000006,
  "mean_error_dt": 0.39532110714119023,
  "max_error_dt": 1.7825922451353502,
  "final_error_dt": 0.49259262850004554,
  "cumulative_error_dt": 47.426030541230325,
  "mean_error_ghost": 2.231075744834817,
  "max_error_ghost": 3.8071421960293237,
  "final_error_ghost": 3.8071421960293237,
  "cumulative_error_ghost": 267.6337233252773,
  "improvement_percent": 82.27950127062667,
  "tube_violations": 0,
  "time_in_dt_mode": 51.400000000000006,
  "dt_mode_ratio": 0.42833333333333334
}