{
  "s_final": 0.999,
  "err_real_mean": 0.3502103743590691,
  "err_dos_mean": 1.7704228934095538,
  "err_fdi_mean": 0.6403285991072112,
  "time_in_dt_ratio": 0.45625,
  "tube_violations": 0,
  "dos_windows": 5,
  "fdi_windows": 3
}