{
  "s_final": 0.588134172738497,
  "err_real_mean": 0.7203047105366452,
  "err_dos_mean": 2.571866204425085,
  "err_fdi_mean": 1.7184853505688273,
  "time_in_dt_ratio": 0.635,
  "tube_violations": 1126,
  "dos_windows": 5,
  "fdi_windows": 5
}