{
  "s_final": 0.47176566013057364,
  "err_real_mean": 0.34508071789843825,
  "err_dos_mean": 1.6989748371512887,
  "err_fdi_mean": 0.6914588867961293,
  "time_in_dt_ratio": 0.6191666666666666,
  "tube_violations": 0,
  "dos_windows": 6,
  "fdi_windows": 5
}