{
  "run_id": "sharpl_run013",
  "path_name": "sharpl",
  "rng_seed": 55,
  "total_time": 120.0,
  "dt": 0.05,
  "n_dos_windows": 7,
  "total_dos_time": 47.5,
  "mean_error_dt": 0.3780002723245657,
  "max_error_dt": 1.4615504109562119,
  "final_error_dt": 0.37117825373022134,
  "cumulative_error_dt": 45.35056572260463,
  "mean_error_ghost": 2.242085928618489,
  "max_error_ghost": 5.409084172428176,
  "final_error_ghost": 5.409084172428176,
  "cumulative_error_ghost": 268.914896829908,
  "improvement_percent": 83.13571830448299,
  "tube_violations": 0,
  "time_in_dt_mode": 47.5,
  "dt_mode_ratio": 0.3958333333333333
}