{
  "s_final": 0.999,
  "err_real_mean": 0.4602930083242751,
  "err_dos_mean": 3.2473807359182105,
  "err_fdi_mean": 0.6280062220468727,
  "time_in_dt_ratio": 0.62,
  "tube_violations": 0,
  "dos_windows": 4,
  "fdi_windows": 6
}