{
  "s_final": 0.8061146334003716,
  "err_real_mean": 0.05822534237983954,
  "err_dos_mean": 1.0024618678902046,
  "err_fdi_mean": 0.8752682772878468,
  "time_in_dt_ratio": 0.5525,
  "tube_violations": 48,
  "dos_windows": 5,
  "fdi_windows": 4
}