{
  "s_final": 0.999,
  "err_real_mean": 0.2741510378015373,
  "err_dos_mean": 1.8580903575453893,
  "err_fdi_mean": 0.3921704937339455,
  "time_in_dt_ratio": 0.44666666666666666,
  "tube_violations": 0,
  "dos_windows": 5,
  "fdi_windows": 5
}