{
  "s_final": 0.47901364336869146,
  "err_real_mean": 0.7604850622210858,
  "err_dos_mean": 2.855968856182471,
  "err_fdi_mean": 1.7534818785287378,
  "time_in_dt_ratio": 0.57,
  "tube_violations": 0,
  "dos_windows": 5,
  "fdi_windows": 6
}