{
  "s_final": 0.818171461044851,
  "err_real_mean": 0.05841871727402097,
  "err_dos_mean": 4.213448735014701,
  "err_fdi_mean": 1.760642241602974,
  "time_in_dt_ratio": 0.59,
  "tube_violations": 12,
  "dos_windows": 6,
  "fdi_windows": 5
}