{
  "s_final": 0.2740346692279673,
  "err_real_mean": 0.0760401887402554,
  "err_dos_mean": 0.8742631012523047,
  "err_fdi_mean": 1.3186990496119633,
  "time_in_dt_ratio": 0.49541666666666667,
  "tube_violations": 56,
  "dos_windows": 5,
  "fdi_windows": 5
}