{
  "s_final": 0.999,
  "err_real_mean": 0.25635972080183184,
  "err_dos_mean": 2.1569404747362917,
  "err_fdi_mean": 0.5689236617199314,
  "time_in_dt_ratio": 0.47708333333333336,
  "tube_violations": 0,
  "dos_windows": 5,
  "fdi_windows": 4
}