{
  "s_final": 0.44870171577009865,
  "err_real_mean": 0.04819164882087137,
  "err_dos_mean": 0.9935511845775125,
  "err_fdi_mean": 1.7449181888625125,
  "time_in_dt_ratio": 0.5445833333333333,
  "tube_violations": 1,
  "dos_windows": 5,
  "fdi_windows": 5
}