{
  "s_final": 0.7776280871168664,
  "err_real_mean": 0.029923455282834285,
  "err_dos_mean": 3.1275455974935458,
  "err_fdi_mean": 1.793626145389303,
  "time_in_dt_ratio": 0.5625,
  "tube_violations": 0,
  "dos_windows": 5,
  "fdi_windows": 6
}