{
  "s_final": 0.47176566013057364,
  "err_real_mean": 0.25088232474158506,
  "err_dos_mean": 2.5252285309077402,
  "err_fdi_mean": 0.8982771463680996,
  "time_in_dt_ratio": 0.6420833333333333,
  "tube_violations": 0,
  "dos_windows": 7,
  "fdi_windows": 5
}