{
  "s_final": 0.999,
  "err_real_mean": 0.8463645111944165,
  "err_dos_mean": 1.6583943490896518,
  "err_fdi_mean": 0.9818886852389225,
  "time_in_dt_ratio": 0.6391666666666667,
  "tube_violations": 0,
  "dos_windows": 5,
  "fdi_windows": 6
}