{
  "run_id": "sharpl_run004",
  "path_name": "sharpl",
  "rng_seed": 46,
  "total_time": 120.0,
  "dt": 0.05,
  "n_dos_windows": 7,
  "total_dos_time": 53.150000000000006,
  "mean_error_dt": 0.3724718955427425,
  "max_error_dt": 1.3647374486263766,
  "final_error_dt": 1.2147785086620935,
  "cumulative_error_dt": 44.666070502412545,
  "mean_error_ghost": 2.2142659828589197,
  "max_error_ghost": 4.350693745921056,
  "final_error_ghost": 4.350693745921056,
  "cumulative_error_ghost": 265.60296309942237,
  "improvement_percent": 83.18314299615218,
  "tube_violations": 0,
  "time_in_dt_mode": 53.150000000000006,
  "dt_mode_ratio": 0.4429166666666667
}