{
  "s_final": 0.47176566013057364,
  "err_real_mean": 0.7218920750696476,
  "err_dos_mean": 2.6098361305348785,
  "err_fdi_mean": 2.1103433709564547,
  "time_in_dt_ratio": 0.6166666666666667,
  "tube_violations": 95,
  "dos_windows": 5,
  "fdi_windows": 7
}