{
  "s_final": 0.999,
  "err_real_mean": 0.38350738878293233,
  "err_dos_mean": 1.9985257202689297,
  "err_fdi_mean": 0.7954368662494637,
  "time_in_dt_ratio": 0.45958333333333334,
  "tube_violations": 0,
  "dos_windows": 5,
  "fdi_windows": 4
}