{
  "s_final": 0.999,
  "err_real_mean": 0.2842174891524149,
  "err_dos_mean": 3.6157944821153682,
  "err_fdi_mean": 1.4886140208532186,
  "time_in_dt_ratio": 0.5441666666666667,
  "tube_violations": 646,
  "dos_windows": 5,
  "fdi_windows": 5
}