{
  "s_final": 0.47176566013057364,
  "err_real_mean": 0.33588268423382356,
  "err_dos_mean": 1.8969627273982679,
  "err_fdi_mean": 1.719480611831124,
  "time_in_dt_ratio": 0.5458333333333333,
  "tube_violations": 0,
  "dos_windows": 4,
  "fdi_windows": 6
}