{
  "s_final": 0.5927625695549402,
  "err_real_mean": 0.07395528875319149,
  "err_dos_mean": 1.6642498260833265,
  "err_fdi_mean": 1.6304409412765999,
  "time_in_dt_ratio": 0.5979166666666667,
  "tube_violations": 0,
  "dos_windows": 6,
  "fdi_windows": 5
}