{
  "s_final": 0.685612480699439,
  "err_real_mean": 0.056545525011969425,
  "err_dos_mean": 1.5853629507450981,
  "err_fdi_mean": 2.047237780155735,
  "time_in_dt_ratio": 0.7041666666666667,
  "tube_violations": 10,
  "dos_windows": 6,
  "fdi_windows": 5
}