{
  "s_final": 0.47176566013057364,
  "err_real_mean": 0.39907968316517817,
  "err_dos_mean": 1.965511449963122,
  "err_fdi_mean": 1.6507437956706212,
  "time_in_dt_ratio": 0.6070833333333333,
  "tube_violations": 0,
  "dos_windows": 6,
  "fdi_windows": 5
}