{
  "s_final": 0.47176566013057364,
  "err_real_mean": 0.24852813184609815,
  "err_dos_mean": 2.4056675038811877,
  "err_fdi_mean": 1.2084526218770286,
  "time_in_dt_ratio": 0.5441666666666667,
  "tube_violations": 0,
  "dos_windows": 5,
  "fdi_windows": 5
}