{
  "s_final": 0.999,
  "err_real_mean": 1.2155063269120885,
  "err_dos_mean": 2.098372718609327,
  "err_fdi_mean": 0.7260367558598473,
  "time_in_dt_ratio": 0.6708333333333333,
  "tube_violations": 0,
  "dos_windows": 5,
  "fdi_windows": 6
}