{
  "s_final": 0.6419798313314757,
  "err_real_mean": 0.048724362693981685,
  "err_dos_mean": 2.1738632914970792,
  "err_fdi_mean": 2.2148684070802256,
  "time_in_dt_ratio": 0.6083333333333333,
  "tube_violations": 31,
  "dos_windows": 6,
  "fdi_windows": 5
}