{
  "s_final": 0.999,
  "err_real_mean": 0.2894738169507991,
  "err_dos_mean": 2.500251803193473,
  "err_fdi_mean": 0.4198624078055615,
  "time_in_dt_ratio": 0.68625,
  "tube_violations": 0,
  "dos_windows": 6,
  "fdi_windows": 6
}