{
  "s_final": 0.7118420678453315,
  "err_real_mean": 0.04956442230828887,
  "err_dos_mean": 2.6829190828711447,
  "err_fdi_mean": 1.3012228798550967,
  "time_in_dt_ratio": 0.4575,
  "tube_violations": 0,
  "dos_windows": 4,
  "fdi_windows": 5
}