{
  "s_final": 0.47901364336869146,
  "err_real_mean": 0.31976996916252187,
  "err_dos_mean": 1.5324495418392678,
  "err_fdi_mean": 0.7436070753815743,
  "time_in_dt_ratio": 0.6170833333333333,
  "tube_violations": 0,
  "dos_windows": 7,
  "fdi_windows": 3
}