{
  "s_final": 0.999,
  "err_real_mean": 0.2584463580843359,
  "err_dos_mean": 1.721813154267524,
  "err_fdi_mean": 0.267274100362935,
  "time_in_dt_ratio": 0.4195833333333333,
  "tube_violations": 0,
  "dos_windows": 3,
  "fdi_windows": 4
}