{
  "s_final": 0.6538816509497676,
  "err_real_mean": 0.06929674558424873,
  "err_dos_mean": 2.1410631342433093,
  "err_fdi_mean": 2.5670367252354267,
  "time_in_dt_ratio": 0.5929166666666666,
  "tube_violations": 23,
  "dos_windows": 7,
  "fdi_windows": 6
}