{
  "s_final": 0.2740346692277681,
  "err_real_mean": 0.03785703583339716,
  "err_dos_mean": 2.157758121444494,
  "err_fdi_mean": 1.531323988334409,
  "time_in_dt_ratio": 0.3954166666666667,
  "tube_violations": 0,
  "dos_windows": 4,
  "fdi_windows": 5
}