{
  "s_final": 0.47901364336869146,
  "err_real_mean": 0.5937515716181494,
  "err_dos_mean": 2.5204316064557073,
  "err_fdi_mean": 2.0035827776481807,
  "time_in_dt_ratio": 0.66875,
  "tube_violations": 0,
  "dos_windows": 6,
  "fdi_windows": 6
}