{
  "s_final": 0.588134172738497,
  "err_real_mean": 0.7638793142920718,
  "err_dos_mean": 2.9818479078304008,
  "err_fdi_mean": 2.513481787656367,
  "time_in_dt_ratio": 0.5666666666666667,
  "tube_violations": 1061,
  "dos_windows": 5,
  "fdi_windows": 7
}