{
  "s_final": 0.49665425145491854,
  "err_real_mean": 0.03892629860673897,
  "err_dos_mean": 1.5179820487898736,
  "err_fdi_mean": 2.0429613507812814,
  "time_in_dt_ratio": 0.5591666666666667,
  "tube_violations": 0,
  "dos_windows": 6,
  "fdi_windows": 5
}