{
  "s_final": 0.999,
  "err_real_mean": 0.6027213455541715,
  "err_dos_mean": 3.409035227060156,
  "err_fdi_mean": 2.1930961215250275,
  "time_in_dt_ratio": 0.5229166666666667,
  "tube_violations": 66,
  "dos_windows": 4,
  "fdi_windows": 5
}