{
  "s_final": 0.7883107920225311,
  "err_real_mean": 0.05577821189000269,
  "err_dos_mean": 2.220178264687124,
  "err_fdi_mean": 0.7008291496363931,
  "time_in_dt_ratio": 0.5541666666666667,
  "tube_violations": 27,
  "dos_windows": 5,
  "fdi_windows": 4
}