{
  "s_final": 0.999,
  "err_real_mean": 0.23448965721445755,
  "err_dos_mean": 2.3072669934789576,
  "err_fdi_mean": 0.5253318372400992,
  "time_in_dt_ratio": 0.47041666666666665,
  "tube_violations": 0,
  "dos_windows": 4,
  "fdi_windows": 5
}