{
  "s_final": 0.7007563758457037,
  "err_real_mean": 0.04373724440246542,
  "err_dos_mean": 2.751516288612967,
  "err_fdi_mean": 1.1787506867875668,
  "time_in_dt_ratio": 0.51375,
  "tube_violations": 0,
  "dos_windows": 5,
  "fdi_windows": 3
}