{
  "s_final": 0.7314316179552447,
  "err_real_mean": 0.03171609528158534,
  "err_dos_mean": 1.6717802866908038,
  "err_fdi_mean": 0.9674925181202153,
  "time_in_dt_ratio": 0.5016666666666667,
  "tube_violations": 0,
  "dos_windows": 5,
  "fdi_windows": 2
}