{
  "s_final": 0.3725908459446555,
  "err_real_mean": 0.9689523037706134,
  "err_dos_mean": 1.5931899323831085,
  "err_fdi_mean": 1.152468293730329,
  "time_in_dt_ratio": 0.43083333333333335,
  "tube_violations": 1845,
  "dos_windows": 5,
  "fdi_windows": 3
}