{
  "s_final": 0.7076743630442467,
  "err_real_mean": 0.07121162575501803,
  "err_dos_mean": 3.211701032608329,
  "err_fdi_mean": 1.4228510937109464,
  "time_in_dt_ratio": 0.5029166666666667,
  "tube_violations": 49,
  "dos_windows": 6,
  "fdi_windows": 5
}