{
  "s_final": 0.588134172738497,
  "err_real_mean": 0.7161529399119121,
  "err_dos_mean": 2.747715064238666,
  "err_fdi_mean": 1.648896559641309,
  "time_in_dt_ratio": 0.44,
  "tube_violations": 925,
  "dos_windows": 3,
  "fdi_windows": 4
}