{
  "s_final": 0.588134172738497,
  "err_real_mean": 0.6123551463630121,
  "err_dos_mean": 1.7507148537326622,
  "err_fdi_mean": 2.9570925271400643,
  "time_in_dt_ratio": 0.6504166666666666,
  "tube_violations": 965,
  "dos_windows": 5,
  "fdi_windows": 7
}