{
  "s_final": 0.3725908459446555,
  "err_real_mean": 1.1673422926037595,
  "err_dos_mean": 2.76993100344158,
  "err_fdi_mean": 2.1821008868487737,
  "time_in_dt_ratio": 0.5266666666666666,
  "tube_violations": 1845,
  "dos_windows": 3,
  "fdi_windows": 5
}