{
  "s_final": 0.6993813891586426,
  "err_real_mean": 0.030995615545114756,
  "err_dos_mean": 1.4400609566790126,
  "err_fdi_mean": 2.4850435237392077,
  "time_in_dt_ratio": 0.66875,
  "tube_violations": 0,
  "dos_windows": 6,
  "fdi_windows": 7
}