{
  "s_final": 0.999,
  "err_real_mean": 0.5958162775111044,
  "err_dos_mean": 0.824653153718354,
  "err_fdi_mean": 0.7868758485537218,
  "time_in_dt_ratio": 0.5591666666666667,
  "tube_violations": 0,
  "dos_windows": 5,
  "fdi_windows": 5
}