{
  "s_final": 0.2740346692279673,
  "err_real_mean": 0.0642810521291931,
  "err_dos_mean": 2.408814785926166,
  "err_fdi_mean": 1.8775213614564223,
  "time_in_dt_ratio": 0.6483333333333333,
  "tube_violations": 20,
  "dos_windows": 5,
  "fdi_windows": 6
}