{
  "s_final": 0.47901364336869146,
  "err_real_mean": 0.5143551661340605,
  "err_dos_mean": 1.5239267081312529,
  "err_fdi_mean": 1.218323786260597,
  "time_in_dt_ratio": 0.44666666666666666,
  "tube_violations": 0,
  "dos_windows": 5,
  "fdi_windows": 5
}