{
  "s_final": 0.588134172738497,
  "err_real_mean": 0.6487724803972064,
  "err_dos_mean": 2.9409490823334994,
  "err_fdi_mean": 1.721242470625028,
  "time_in_dt_ratio": 0.38208333333333333,
  "tube_violations": 1028,
  "dos_windows": 3,
  "fdi_windows": 4
}