{
  "s_final": 0.7150341448316999,
  "err_real_mean": 0.040212425669853065,
  "err_dos_mean": 3.372505042654918,
  "err_fdi_mean": 2.303373121964057,
  "time_in_dt_ratio": 0.6166666666666667,
  "tube_violations": 37,
  "dos_windows": 5,
  "fdi_windows": 7
}