{
  "s_final": 0.588134172738497,
  "err_real_mean": 0.6754743850345493,
  "err_dos_mean": 2.6246839748425836,
  "err_fdi_mean": 1.4184989922642515,
  "time_in_dt_ratio": 0.6079166666666667,
  "tube_violations": 1024,
  "dos_windows": 6,
  "fdi_windows": 4
}