{
  "s_final": 0.5347405964378134,
  "err_real_mean": 0.03672473221657165,
  "err_dos_mean": 1.2007120670370015,
  "err_fdi_mean": 0.8878140812938797,
  "time_in_dt_ratio": 0.38125,
  "tube_violations": 61,
  "dos_windows": 5,
  "fdi_windows": 3
}