{
  "s_final": 0.7514171613446943,
  "err_real_mean": 0.07619669284786909,
  "err_dos_mean": 3.950451374571392,
  "err_fdi_mean": 2.3276859961880474,
  "time_in_dt_ratio": 0.59,
  "tube_violations": 81,
  "dos_windows": 6,
  "fdi_windows": 5
}