{
  "s_final": 0.999,
  "err_real_mean": 0.23583435867563826,
  "err_dos_mean": 2.126534811133925,
  "err_fdi_mean": 0.25072042465027083,
  "time_in_dt_ratio": 0.455,
  "tube_violations": 0,
  "dos_windows": 5,
  "fdi_windows": 3
}