{
  "s_final": 0.5324792435689819,
  "err_real_mean": 0.038816163835065774,
  "err_dos_mean": 1.1117652977847592,
  "err_fdi_mean": 1.6474033123001404,
  "time_in_dt_ratio": 0.5158333333333334,
  "tube_violations": 111,
  "dos_windows": 5,
  "fdi_windows": 4
}