{
  "s_final": 0.8534653031526309,
  "err_real_mean": 0.4616780821312925,
  "err_dos_mean": 1.5169295290750593,
  "err_fdi_mean": 1.1339858029086425,
  "time_in_dt_ratio": 0.5258333333333334,
  "tube_violations": 729,
  "dos_windows": 5,
  "fdi_windows": 5
}