{
  "s_final": 0.999,
  "err_real_mean": 0.47491696419094515,
  "err_dos_mean": 2.7251026673053937,
  "err_fdi_mean": 1.1488106523918609,
  "time_in_dt_ratio": 0.55,
  "tube_violations": 0,
  "dos_windows": 5,
  "fdi_windows": 7
}