{
  "s_final": 0.47901364336869146,
  "err_real_mean": 0.62880297973392,
  "err_dos_mean": 2.1295622133119747,
  "err_fdi_mean": 0.7947805184654918,
  "time_in_dt_ratio": 0.63125,
  "tube_violations": 0,
  "dos_windows": 6,
  "fdi_windows": 6
}