{
  "s_final": 0.7278723705780483,
  "err_real_mean": 0.7342770761434037,
  "err_dos_mean": 2.152330333237309,
  "err_fdi_mean": 1.632457536025464,
  "time_in_dt_ratio": 0.4891666666666667,
  "tube_violations": 985,
  "dos_windows": 3,
  "fdi_windows": 5
}