{
  "s_final": 0.5888663611998678,
  "err_real_mean": 0.05703429288145059,
  "err_dos_mean": 3.8269652234739686,
  "err_fdi_mean": 1.0396999239517342,
  "time_in_dt_ratio": 0.6079166666666667,
  "tube_violations": 55,
  "dos_windows": 6,
  "fdi_windows": 4
}