{
  "s_final": 0.999,
  "err_real_mean": 0.2521077184780364,
  "err_dos_mean": 2.482518457001814,
  "err_fdi_mean": 0.6431501754333484,
  "time_in_dt_ratio": 0.59,
  "tube_violations": 0,
  "dos_windows": 6,
  "fdi_windows": 5
}