{
  "s_final": 0.999,
  "err_real_mean": 0.4041256594109394,
  "err_dos_mean": 1.1795493961124897,
  "err_fdi_mean": 0.7160502748577827,
  "time_in_dt_ratio": 0.42541666666666667,
  "tube_violations": 0,
  "dos_windows": 4,
  "fdi_windows": 5
}