{
  "s_final": 0.999,
  "err_real_mean": 0.35579535657246847,
  "err_dos_mean": 1.7042894275707663,
  "err_fdi_mean": 0.636077040751751,
  "time_in_dt_ratio": 0.45625,
  "tube_violations": 0,
  "dos_windows": 5,
  "fdi_windows": 3
}