{
  "s_final": 0.7821060925842845,
  "err_real_mean": 0.03801080420943795,
  "err_dos_mean": 3.153147449622393,
  "err_fdi_mean": 2.1391207755722266,
  "time_in_dt_ratio": 0.5504166666666667,
  "tube_violations": 0,
  "dos_windows": 5,
  "fdi_windows": 4
}