{
  "s_final": 0.6696405067155152,
  "err_real_mean": 0.05656797033106938,
  "err_dos_mean": 2.1823788871932432,
  "err_fdi_mean": 2.7871603335664106,
  "time_in_dt_ratio": 0.5920833333333333,
  "tube_violations": 78,
  "dos_windows": 6,
  "fdi_windows": 7
}