{
  "s_final": 0.5867815356049078,
  "err_real_mean": 0.06337727037824085,
  "err_dos_mean": 2.1608759980566203,
  "err_fdi_mean": 2.257295812373342,
  "time_in_dt_ratio": 0.6416666666666667,
  "tube_violations": 19,
  "dos_windows": 5,
  "fdi_windows": 5
}