{
  "s_final": 0.7463677154585342,
  "err_real_mean": 0.046199391393236554,
  "err_dos_mean": 1.463769365373754,
  "err_fdi_mean": 1.163363004061801,
  "time_in_dt_ratio": 0.5241666666666667,
  "tube_violations": 0,
  "dos_windows": 5,
  "fdi_windows": 3
}