{
  "s_final": 0.6202675356370236,
  "err_real_mean": 0.05524926485947602,
  "err_dos_mean": 3.774051850542578,
  "err_fdi_mean": 0.8088174885571855,
  "time_in_dt_ratio": 0.5458333333333333,
  "tube_violations": 6,
  "dos_windows": 4,
  "fdi_windows": 6
}