{
  "s_final": 0.7690405106819778,
  "err_real_mean": 0.3304730431607288,
  "err_dos_mean": 1.7382695008684073,
  "err_fdi_mean": 1.0359294360438387,
  "time_in_dt_ratio": 0.46416666666666667,
  "tube_violations": 731,
  "dos_windows": 5,
  "fdi_windows": 4
}