{
  "s_final": 0.999,
  "err_real_mean": 0.2929058886735377,
  "err_dos_mean": 2.947845750453681,
  "err_fdi_mean": 0.5575906650895984,
  "time_in_dt_ratio": 0.66875,
  "tube_violations": 0,
  "dos_windows": 6,
  "fdi_windows": 6
}