{
  "s_final": 0.999,
  "err_real_mean": 0.5066723865130446,
  "err_dos_mean": 4.273072998624554,
  "err_fdi_mean": 3.844826433237033,
  "time_in_dt_ratio": 0.6166666666666667,
  "tube_violations": 293,
  "dos_windows": 5,
  "fdi_windows": 7
}