{
  "s_final": 0.999,
  "err_real_mean": 0.2185936095919512,
  "err_dos_mean": 1.8702065367858278,
  "err_fdi_mean": 0.3602341716964755,
  "time_in_dt_ratio": 0.4170833333333333,
  "tube_violations": 0,
  "dos_windows": 3,
  "fdi_windows": 4
}