{
  "s_final": 0.8417482627545139,
  "err_real_mean": 0.5025386024389623,
  "err_dos_mean": 2.0989440179858723,
  "err_fdi_mean": 0.8738935615879095,
  "time_in_dt_ratio": 0.5141666666666667,
  "tube_violations": 716,
  "dos_windows": 5,
  "fdi_windows": 4
}