{
  "s_final": 0.588134172738497,
  "err_real_mean": 0.7062740393956206,
  "err_dos_mean": 3.971203160153788,
  "err_fdi_mean": 1.749642390817919,
  "time_in_dt_ratio": 0.5008333333333334,
  "tube_violations": 945,
  "dos_windows": 5,
  "fdi_windows": 4
}